Costs,TotalCosts_p1,TotalCosts_p2,TotalCosts_p3,TotalCosts_p4,TotalCosts_p5
cFix,4.993136069024936e9,5.443795328338513e9,6.41273961831446e9,7.527219815965928e9,8.475397077835427e9
cVar,9.687650180630163e8,1.0941247440566888e9,1.1361647055634058e9,1.2646366115922925e9,1.4311509346297653e9
cFuel,6.061127579261108e9,8.431863146135081e9,1.1619580479660336e10,1.4105923383490612e10,1.8230632354547153e10
cNSE,0.0,0.0,0.0,0.0,0.0
cStart,0.0,0.0,0.0,0.0,0.0
cUnmetRsv,0.0,0.0,0.0,0.0,0.0
cNetworkExp,0.0,0.0,0.0,0.0,0.0
cUnmetPolicyPenalty,0.0,0.0,0.0,0.0,0.0
cCO2,0.0,0.0,0.0,0.0,0.0
