Fuel,AnnualSum
biomass_north,0.0
biomass_pge,0.0
biomass_sce,0.0
coal_central,0.0
coal_south,4.733241076838275e7
ngcc_central,1.674884410489427e8
ngcc_iid,2.1555418037215717e7
ngcc_ladwp,1.7063090406677046e8
ngcc_ncnc,1.0768786153112805e7
ngcc_north,2.816120945027016e8
ngcc_pge,7.755663029748854e7
ngcc_sce,3.790507009796326e8
ngcc_sdge,5.5491408771750415e6
ngcc_south,4.030108852553506e8
nuclear_north,1.0285991999999936e8
nuclear_pge,2.0120844000000587e8
nuclear_south,3.509869200000063e8
peaker_central,0.0
peaker_iid,1.6012311410900326e6
peaker_ladwp,0.0
peaker_ncnc,0.0
peaker_north,0.0
peaker_pge,0.0
peaker_sce,1.830037692187206e7
peaker_sdge,0.0
peaker_south,45963.565107285525
ng_ccs_central,0.0
ng_ccs_north,0.0
ng_ccs_pge,0.0
ng_ccs_sce,0.0
ng_ccs_sdge,0.0
ng_ccs_south,0.0
None,0.0
