Resource,Zone,Retrofit_Id,StartCap,RetCap,RetroCap,NewCap,EndCap,CapacityConstraintDual,StartEnergyCap,RetEnergyCap,NewEnergyCap,EndEnergyCap,StartChargeCap,RetChargeCap,NewChargeCap,EndChargeCap
LADWP_Hydro,3,None,320.0,0.0,0.0,0.0,320.0,0.0,0.0,0.0,0.0,0.0,0.0,0.0,0.0,0.0
NCNC_Hydro,4,None,2770.0,0.0,0.0,0.0,2770.0,0.0,0.0,0.0,0.0,0.0,0.0,0.0,0.0,0.0
North_Hydro,5,None,23659.999993000005,19.999990000000004,0.0,0.0,23640.000003000005,0.0,0.0,0.0,0.0,0.0,0.0,0.0,0.0,0.0
PGE_Hydro,6,None,7100.0,0.0,0.0,0.0,7100.0,0.0,0.0,0.0,0.0,0.0,0.0,0.0,0.0,0.0
SCE_Hydro,7,None,2050.0,0.0,0.0,0.0,2050.0,0.0,0.0,0.0,0.0,0.0,0.0,0.0,0.0,0.0
South_Hydro,9,None,490.0,0.0,0.0,0.0,490.0,0.0,0.0,0.0,0.0,0.0,0.0,0.0,0.0,0.0
North_Biomass,5,None,621.971831,0.0,0.0,0.0,621.971831,0.0,0.0,0.0,0.0,0.0,0.0,0.0,0.0,0.0
PGE_Biomass,6,None,550.0,0.0,0.0,0.0,550.0,0.0,0.0,0.0,0.0,0.0,0.0,0.0,0.0,0.0
SCE_Biomass,7,None,180.0,0.0,0.0,0.0,180.0,0.0,0.0,0.0,0.0,0.0,0.0,0.0,0.0,0.0
Central_Coal,1,None,0.0,0.0,0.0,0.0,0.0,0.0,0.0,0.0,0.0,0.0,0.0,0.0,0.0,0.0
South_Coal,9,None,482.43243199999995,482.43243199999995,0.0,0.0,0.0,0.0,0.0,0.0,0.0,0.0,0.0,0.0,0.0,0.0
Central_Geothermal,1,None,450.0,0.0,0.0,0.0,450.0,0.0,0.0,0.0,0.0,0.0,0.0,0.0,0.0,0.0
IID_Geothermal,2,None,460.0,0.0,0.0,0.0,460.0,0.0,0.0,0.0,0.0,0.0,0.0,0.0,0.0,0.0
LADWP_Geothermal,3,None,120.0,0.0,0.0,0.0,120.0,0.0,0.0,0.0,0.0,0.0,0.0,0.0,0.0,0.0
PGE_Geothermal,6,None,550.0,0.0,0.0,0.0,550.0,0.0,0.0,0.0,0.0,0.0,0.0,0.0,0.0,0.0
SCE_Geothermal,7,None,190.0,0.0,0.0,0.0,190.0,0.0,0.0,0.0,0.0,0.0,0.0,0.0,0.0,0.0
Central_NGCC_1,1,None,1728.484848,469.696969,0.0,0.0,1258.7878790000002,0.0,0.0,0.0,0.0,0.0,0.0,0.0,0.0,0.0
Central_NGCC_2,1,None,2250.0,0.0,0.0,0.0,2250.0,0.0,0.0,0.0,0.0,0.0,0.0,0.0,0.0,0.0
IID_NGCC_1,2,None,140.0,0.0,0.0,0.0,140.0,0.0,0.0,0.0,0.0,0.0,0.0,0.0,0.0,0.0
IID_NGCC_2,2,None,280.0,0.0,0.0,0.0,280.0,0.0,0.0,0.0,0.0,0.0,0.0,0.0,0.0,0.0
LADWP_NGCC_1,3,None,1314.11043,0.0,0.0,0.0,1314.11043,0.0,0.0,0.0,0.0,0.0,0.0,0.0,0.0,0.0
LADWP_NGCC_2,3,None,2000.0,0.0,0.0,0.0,2000.0,0.0,0.0,0.0,0.0,0.0,0.0,0.0,0.0,0.0
NCNC_NGCC_1,4,None,630.0,0.0,0.0,0.0,630.0,0.0,0.0,0.0,0.0,0.0,0.0,0.0,0.0,0.0
NCNC_NGCC_2,4,None,790.0,0.0,0.0,0.0,790.0,0.0,0.0,0.0,0.0,0.0,0.0,0.0,0.0,0.0
North_NGCC_1,5,None,3050.0,0.0,0.0,0.0,3050.0,0.0,0.0,0.0,0.0,0.0,0.0,0.0,0.0,0.0
North_NGCC_2,5,None,3170.0,0.0,0.0,0.0,3170.0,0.0,0.0,0.0,0.0,0.0,0.0,0.0,0.0,0.0
PGE_NGCC_1,6,None,3730.0,0.0,0.0,0.0,3730.0,0.0,0.0,0.0,0.0,0.0,0.0,0.0,0.0,0.0
PGE_NGCC_2,6,None,4710.0,0.0,0.0,0.0,4710.0,0.0,0.0,0.0,0.0,0.0,0.0,0.0,0.0,0.0
SCE_NGCC_1,7,None,2470.0,0.0,0.0,0.0,2470.0,0.0,0.0,0.0,0.0,0.0,0.0,0.0,0.0,0.0
SCE_NGCC_2,7,None,3320.0,0.0,0.0,0.0,3320.0,0.0,0.0,0.0,0.0,0.0,0.0,0.0,0.0,0.0
SDGE_NGCC_1,8,None,850.0,0.0,0.0,0.0,850.0,0.0,0.0,0.0,0.0,0.0,0.0,0.0,0.0,0.0
SDGE_NGCC_2,8,None,1150.0,0.0,0.0,0.0,1150.0,0.0,0.0,0.0,0.0,0.0,0.0,0.0,0.0,0.0
South_NGCC_1,9,None,4320.0,0.0,0.0,0.0,4320.0,0.0,0.0,0.0,0.0,0.0,0.0,0.0,0.0,0.0
South_NGCC_2,9,None,4400.0,0.0,0.0,0.0,4400.0,0.0,0.0,0.0,0.0,0.0,0.0,0.0,0.0,0.0
North_Nuclear,5,None,1140.0,0.0,0.0,0.0,1140.0,0.0,0.0,0.0,0.0,0.0,0.0,0.0,0.0,0.0
PGE_Nuclear,6,None,2230.0,2230.0,0.0,0.0,0.0,0.0,0.0,0.0,0.0,0.0,0.0,0.0,0.0,0.0
South_Nuclear,9,None,3890.0,0.0,0.0,0.0,3890.0,0.0,0.0,0.0,0.0,0.0,0.0,0.0,0.0,0.0
Central_Peaker_1,1,None,940.0,0.0,0.0,0.0,940.0,0.0,0.0,0.0,0.0,0.0,0.0,0.0,0.0,0.0
Central_Peaker_2,1,None,874.1999999999999,141.0,0.0,0.0,733.1999999999999,0.0,0.0,0.0,0.0,0.0,0.0,0.0,0.0,0.0
IID_Peaker_1,2,None,190.0,0.0,0.0,0.0,190.0,0.0,0.0,0.0,0.0,0.0,0.0,0.0,0.0,0.0
IID_Peaker_2,2,None,220.0,0.0,0.0,0.0,220.0,0.0,0.0,0.0,0.0,0.0,0.0,0.0,0.0,0.0
LADWP_Peaker_1,3,None,530.0,0.0,0.0,0.0,530.0,0.0,0.0,0.0,0.0,0.0,0.0,0.0,0.0,0.0
LADWP_Peaker_2,3,None,660.0,0.0,0.0,0.0,660.0,0.0,0.0,0.0,0.0,0.0,0.0,0.0,0.0,0.0
NCNC_Peaker_1,4,None,400.0,0.0,0.0,0.0,400.0,0.0,0.0,0.0,0.0,0.0,0.0,0.0,0.0,0.0
NCNC_Peaker_2,4,None,470.0,0.0,0.0,0.0,470.0,0.0,0.0,0.0,0.0,0.0,0.0,0.0,0.0,0.0
North_Peaker_1,5,None,510.0,0.0,0.0,0.0,510.0,0.0,0.0,0.0,0.0,0.0,0.0,0.0,0.0,0.0
North_Peaker_2,5,None,620.0,0.0,0.0,0.0,620.0,0.0,0.0,0.0,0.0,0.0,0.0,0.0,0.0,0.0
PGE_Peaker_1,6,None,1720.0,0.0,0.0,0.0,1720.0,0.0,0.0,0.0,0.0,0.0,0.0,0.0,0.0,0.0
PGE_Peaker_2,6,None,1760.0,0.0,0.0,0.0,1760.0,0.0,0.0,0.0,0.0,0.0,0.0,0.0,0.0,0.0
SCE_Peaker_1,7,None,1520.0,0.0,0.0,0.0,1520.0,0.0,0.0,0.0,0.0,0.0,0.0,0.0,0.0,0.0
SCE_Peaker_2,7,None,1610.0,0.0,0.0,0.0,1610.0,0.0,0.0,0.0,0.0,0.0,0.0,0.0,0.0,0.0
SDGE_Peaker_1,8,None,630.0,0.0,0.0,0.0,630.0,0.0,0.0,0.0,0.0,0.0,0.0,0.0,0.0,0.0
SDGE_Peaker_2,8,None,720.0,0.0,0.0,0.0,720.0,0.0,0.0,0.0,0.0,0.0,0.0,0.0,0.0,0.0
South_Peaker_1,9,None,1450.0,0.0,0.0,0.0,1450.0,0.0,0.0,0.0,0.0,0.0,0.0,0.0,0.0,0.0
South_Peaker_2,9,None,1540.0,0.0,0.0,0.0,1540.0,0.0,0.0,0.0,0.0,0.0,0.0,0.0,0.0,0.0
Central_NGCC_Invest,1,None,0.0,0.0,0.0,0.0,0.0,-0.0,0.0,0.0,0.0,0.0,0.0,0.0,0.0,0.0
IID_NGCC_Invest,2,None,0.0,0.0,0.0,0.0,0.0,-0.0,0.0,0.0,0.0,0.0,0.0,0.0,0.0,0.0
LADWP_NGCC_Invest,3,None,0.0,0.0,0.0,0.0,0.0,-0.0,0.0,0.0,0.0,0.0,0.0,0.0,0.0,0.0
NCNC_NGCC_Invest,4,None,0.0,0.0,0.0,0.0,0.0,-0.0,0.0,0.0,0.0,0.0,0.0,0.0,0.0,0.0
North_NGCC_Invest,5,None,0.0,0.0,0.0,0.0,0.0,-0.0,0.0,0.0,0.0,0.0,0.0,0.0,0.0,0.0
PGE_NGCC_Invest,6,None,0.0,0.0,0.0,0.0,0.0,-0.0,0.0,0.0,0.0,0.0,0.0,0.0,0.0,0.0
SCE_NGCC_Invest,7,None,0.0,0.0,0.0,6500.4886173672585,6500.4886173672585,-0.0,0.0,0.0,0.0,0.0,0.0,0.0,0.0,0.0
SDGE_NGCC_Invest,8,None,0.0,0.0,0.0,0.0,0.0,-0.0,0.0,0.0,0.0,0.0,0.0,0.0,0.0,0.0
South_NGCC_Invest,9,None,0.0,0.0,0.0,0.0,0.0,-0.0,0.0,0.0,0.0,0.0,0.0,0.0,0.0,0.0
Central_Peaker_Invest,1,None,645.9925414567659,0.0,0.0,0.0,645.9925414567659,-0.0,0.0,0.0,0.0,0.0,0.0,0.0,0.0,0.0
IID_Peaker_Invest,2,None,470.0,0.0,0.0,0.0,470.0,45.62404339011894,0.0,0.0,0.0,0.0,0.0,0.0,0.0,0.0
LADWP_Peaker_Invest,3,None,0.0,0.0,0.0,1385.9401670196858,1385.9401670196858,-0.0,0.0,0.0,0.0,0.0,0.0,0.0,0.0,0.0
NCNC_Peaker_Invest,4,None,3790.202045850827,0.0,0.0,0.0,3790.202045850827,-0.0,0.0,0.0,0.0,0.0,0.0,0.0,0.0,0.0
North_Peaker_Invest,5,None,0.0,0.0,0.0,0.0,0.0,-0.0,0.0,0.0,0.0,0.0,0.0,0.0,0.0,0.0
PGE_Peaker_Invest,6,None,0.0,0.0,0.0,0.0,0.0,-0.0,0.0,0.0,0.0,0.0,0.0,0.0,0.0,0.0
SCE_Peaker_Invest,7,None,9360.0,0.0,0.0,0.0,9360.0,0.9139533283398816,0.0,0.0,0.0,0.0,0.0,0.0,0.0,0.0
SDGE_Peaker_Invest,8,None,0.0,0.0,0.0,4680.0,4680.0,-1.837939522797427e-10,0.0,0.0,0.0,0.0,0.0,0.0,0.0,0.0
South_Peaker_Invest,9,None,0.0,0.0,0.0,2116.3438991910734,2116.3438991910734,-0.0,0.0,0.0,0.0,0.0,0.0,0.0,0.0,0.0
Central_NG-CCS_Invest,1,None,0.0,0.0,0.0,0.0,0.0,-0.0,0.0,0.0,0.0,0.0,0.0,0.0,0.0,0.0
North_NG-CCS_Invest,5,None,0.0,0.0,0.0,0.0,0.0,-0.0,0.0,0.0,0.0,0.0,0.0,0.0,0.0,0.0
PGE_NG-CCS_Invest,6,None,0.0,0.0,0.0,0.0,0.0,-0.0,0.0,0.0,0.0,0.0,0.0,0.0,0.0,0.0
SCE_NG-CCS_Invest,7,None,0.0,0.0,0.0,0.0,0.0,-0.0,0.0,0.0,0.0,0.0,0.0,0.0,0.0,0.0
SDGE_NG-CCS_Invest,8,None,0.0,0.0,0.0,0.0,0.0,-0.0,0.0,0.0,0.0,0.0,0.0,0.0,0.0,0.0
South_NG-CCS_Invest,9,None,0.0,0.0,0.0,0.0,0.0,-0.0,0.0,0.0,0.0,0.0,0.0,0.0,0.0,0.0
Central_Solar,1,None,5880.0,0.0,0.0,0.0,5880.0,0.0,0.0,0.0,0.0,0.0,0.0,0.0,0.0,0.0
IID_Solar,2,None,630.0,0.0,0.0,0.0,630.0,0.0,0.0,0.0,0.0,0.0,0.0,0.0,0.0,0.0
LADWP_Solar,3,None,2290.0,0.0,0.0,0.0,2290.0,0.0,0.0,0.0,0.0,0.0,0.0,0.0,0.0,0.0
NCNC_Solar,4,None,470.0,0.0,0.0,0.0,470.0,0.0,0.0,0.0,0.0,0.0,0.0,0.0,0.0,0.0
North_Solar,5,None,1660.0,0.0,0.0,0.0,1660.0,0.0,0.0,0.0,0.0,0.0,0.0,0.0,0.0,0.0
PGE_Solar,6,None,6890.0,0.0,0.0,0.0,6890.0,0.0,0.0,0.0,0.0,0.0,0.0,0.0,0.0,0.0
SCE_Solar,7,None,11600.0,0.0,0.0,0.0,11600.0,0.0,0.0,0.0,0.0,0.0,0.0,0.0,0.0,0.0
SDGE_Solar,8,None,2310.0,0.0,0.0,0.0,2310.0,0.0,0.0,0.0,0.0,0.0,0.0,0.0,0.0,0.0
South_Solar,9,None,4000.0,29.702972,0.0,0.0,3970.297028,0.0,0.0,0.0,0.0,0.0,0.0,0.0,0.0,0.0
Central_Wind,1,None,140.0,0.0,0.0,0.0,140.0,0.0,0.0,0.0,0.0,0.0,0.0,0.0,0.0,0.0
LADWP_Wind,3,None,400.0,0.0,0.0,0.0,400.0,0.0,0.0,0.0,0.0,0.0,0.0,0.0,0.0,0.0
North_Wind,5,None,7123.601587,0.0,0.0,0.0,7123.601587,0.0,0.0,0.0,0.0,0.0,0.0,0.0,0.0,0.0
PGE_Wind,6,None,1690.0,0.0,0.0,0.0,1690.0,0.0,0.0,0.0,0.0,0.0,0.0,0.0,0.0,0.0
SCE_Wind,7,None,3760.0,0.0,0.0,0.0,3760.0,0.0,0.0,0.0,0.0,0.0,0.0,0.0,0.0,0.0
SDGE_Wind,8,None,660.0,0.0,0.0,0.0,660.0,0.0,0.0,0.0,0.0,0.0,0.0,0.0,0.0,0.0
South_Wind,9,None,1970.0,0.0,0.0,0.0,1970.0,0.0,0.0,0.0,0.0,0.0,0.0,0.0,0.0,0.0
Central_Solar_Invest,1,None,0.0,0.0,0.0,0.0,0.0,-0.0,0.0,0.0,0.0,0.0,0.0,0.0,0.0,0.0
IID_Solar_Invest,2,None,0.0,0.0,0.0,0.0,0.0,-0.0,0.0,0.0,0.0,0.0,0.0,0.0,0.0,0.0
LADWP_Solar_Invest,3,None,3747.359689608152,0.0,0.0,0.0,3747.359689608152,-0.0,0.0,0.0,0.0,0.0,0.0,0.0,0.0,0.0
NCNC_Solar_Invest,4,None,1950.0,0.0,0.0,0.0,1950.0,11676.352998262624,0.0,0.0,0.0,0.0,0.0,0.0,0.0,0.0
North_Solar_Invest,5,None,0.0,0.0,0.0,0.0,0.0,-0.0,0.0,0.0,0.0,0.0,0.0,0.0,0.0,0.0
PGE_Solar_Invest,6,None,0.0,0.0,0.0,9750.0,9750.0,6501.489130774658,0.0,0.0,0.0,0.0,0.0,0.0,0.0,0.0
SCE_Solar_Invest,7,None,3109.646793749912,0.0,0.0,11520.353206250089,14630.0,477.1257630648775,0.0,0.0,0.0,0.0,0.0,0.0,0.0,0.0
SDGE_Solar_Invest,8,None,0.0,0.0,0.0,0.0,0.0,-0.0,0.0,0.0,0.0,0.0,0.0,0.0,0.0,0.0
South_Solar_Invest,9,None,0.0,0.0,0.0,0.0,0.0,-0.0,0.0,0.0,0.0,0.0,0.0,0.0,0.0,0.0
Central_Solar_LowerQuality_Invest,1,None,0.0,0.0,0.0,0.0,0.0,-0.0,0.0,0.0,0.0,0.0,0.0,0.0,0.0,0.0
IID_Solar_LowerQuality_Invest,2,None,0.0,0.0,0.0,0.0,0.0,-0.0,0.0,0.0,0.0,0.0,0.0,0.0,0.0,0.0
LADWP_Solar_LowerQuality_Invest,3,None,0.0,0.0,0.0,0.0,0.0,-0.0,0.0,0.0,0.0,0.0,0.0,0.0,0.0,0.0
NCNC_Solar_LowerQuality_Invest,4,None,0.0,0.0,0.0,0.0,0.0,-0.0,0.0,0.0,0.0,0.0,0.0,0.0,0.0,0.0
North_Solar_LowerQuality_Invest,5,None,0.0,0.0,0.0,0.0,0.0,-0.0,0.0,0.0,0.0,0.0,0.0,0.0,0.0,0.0
PGE_Solar_LowerQuality_Invest,6,None,0.0,0.0,0.0,0.0,0.0,-0.0,0.0,0.0,0.0,0.0,0.0,0.0,0.0,0.0
SCE_Solar_LowerQuality_Invest,7,None,0.0,0.0,0.0,0.0,0.0,-0.0,0.0,0.0,0.0,0.0,0.0,0.0,0.0,0.0
SDGE_Solar_LowerQuality_Invest,8,None,0.0,0.0,0.0,0.0,0.0,-0.0,0.0,0.0,0.0,0.0,0.0,0.0,0.0,0.0
South_Solar_LowerQuality_Invest,9,None,0.0,0.0,0.0,0.0,0.0,-0.0,0.0,0.0,0.0,0.0,0.0,0.0,0.0,0.0
Central_Wind_Invest,1,None,0.0,0.0,0.0,0.0,0.0,-0.0,0.0,0.0,0.0,0.0,0.0,0.0,0.0,0.0
LADWP_Wind_Invest,3,None,0.0,0.0,0.0,0.0,0.0,-0.0,0.0,0.0,0.0,0.0,0.0,0.0,0.0,0.0
North_Wind_Invest,5,None,0.0,0.0,0.0,0.0,0.0,-0.0,0.0,0.0,0.0,0.0,0.0,0.0,0.0,0.0
PGE_Wind_Invest,6,None,0.0,0.0,0.0,0.0,0.0,-0.0,0.0,0.0,0.0,0.0,0.0,0.0,0.0,0.0
South_Wind_Invest,9,None,0.0,0.0,0.0,0.0,0.0,-0.0,0.0,0.0,0.0,0.0,0.0,0.0,0.0,0.0
Central_Wind_LowerQuality_Invest,1,None,0.0,0.0,0.0,0.0,0.0,-0.0,0.0,0.0,0.0,0.0,0.0,0.0,0.0,0.0
LADWP_Wind_LowerQuality_Invest,3,None,0.0,0.0,0.0,0.0,0.0,-0.0,0.0,0.0,0.0,0.0,0.0,0.0,0.0,0.0
North_Wind_LowerQuality_Invest,5,None,0.0,0.0,0.0,0.0,0.0,-0.0,0.0,0.0,0.0,0.0,0.0,0.0,0.0,0.0
PGE_Wind_LowerQuality_Invest,6,None,0.0,0.0,0.0,0.0,0.0,-0.0,0.0,0.0,0.0,0.0,0.0,0.0,0.0,0.0
South_Wind_LowerQuality_Invest,9,None,0.0,0.0,0.0,0.0,0.0,-0.0,0.0,0.0,0.0,0.0,0.0,0.0,0.0,0.0
Central_Storage,1,None,1220.0,123.90624999999989,0.0,0.0,1096.09375,0.0,4880.0,495.625,0.0,4384.375,0.0,0.0,0.0,0.0
IID_Storage,2,None,120.0,9.230769249999993,0.0,0.0,110.76923075,0.0,480.0,36.923077,0.0,443.076923,0.0,0.0,0.0,0.0
LADWP_Storage,3,None,1620.0,161.99999999999991,0.0,0.0,1458.0000000000002,0.0,6480.0,648.0,0.0,5832.000000000001,0.0,0.0,0.0,0.0
North_Storage,5,None,320.0,28.23529400000002,0.0,0.0,291.764706,0.0,1280.0,112.941176,0.0,1167.058824,0.0,0.0,0.0,0.0
PGE_Storage,6,None,4420.0,446.7526890000002,0.0,0.0,3973.2473109999996,0.0,17680.0,1787.010756,0.0,15892.989243999999,0.0,0.0,0.0,0.0
SCE_Storage,7,None,8650.0,865.0000000000002,0.0,0.0,7785.0,0.0,34600.0,3460.0,0.0,31140.0,0.0,0.0,0.0,0.0
SDGE_Storage,8,None,1590.0,161.85628725,0.0,0.0,1428.14371275,0.0,6360.0,647.425149,0.0,5712.574851,0.0,0.0,0.0,0.0
South_Storage,9,None,1950.0,199.75609675000007,0.0,0.0,1750.24390325,0.0,7800.0,799.024387,0.0,7000.975613,0.0,0.0,0.0,0.0
Central_Storage_Invest,1,None,0.0,0.0,0.0,1348.9106092506988,1348.9106092506988,-0.0,0.0,0.0,5395.642437002795,5395.642437002795,0.0,0.0,0.0,0.0
IID_Storage_Invest,2,None,0.0,0.0,0.0,0.0,0.0,-0.0,0.0,0.0,0.0,0.0,0.0,0.0,0.0,0.0
LADWP_Storage_Invest,3,None,0.0,0.0,0.0,0.0,0.0,-0.0,0.0,0.0,0.0,0.0,0.0,0.0,0.0,0.0
NCNC_Storage_Invest,4,None,0.0,0.0,0.0,0.0,0.0,-0.0,0.0,0.0,0.0,0.0,0.0,0.0,0.0,0.0
North_Storage_Invest,5,None,0.0,0.0,0.0,0.0,0.0,-0.0,0.0,0.0,0.0,0.0,0.0,0.0,0.0,0.0
PGE_Storage_Invest,6,None,0.0,0.0,0.0,0.0,0.0,-0.0,0.0,0.0,0.0,0.0,0.0,0.0,0.0,0.0
SCE_Storage_Invest,7,None,0.0,0.0,0.0,0.0,0.0,-0.0,0.0,0.0,0.0,0.0,0.0,0.0,0.0,0.0
SDGE_Storage_Invest,8,None,0.0,0.0,0.0,2189.13128220825,2189.13128220825,-0.0,0.0,0.0,8756.525128833,8756.525128833,0.0,0.0,0.0,0.0
South_Storage_Invest,9,None,0.0,0.0,0.0,0.0,0.0,-0.0,0.0,0.0,0.0,0.0,0.0,0.0,0.0,0.0
Total,n/a,n/a,198358.00219166564,5369.569749250001,0.0,39491.167781287055,232479.6002237027,n/a,79560.0,7986.949545,14152.167565835796,85725.2180208358,0.0,0.0,0.0,0.0
