Resource,Zone,StartCap_p1,EndCap_p1,EndCap_p2,EndCap_p3,EndCap_p4,EndCap_p5
LADWP_Hydro,3,320.0,320.0,320.0,320.0,320.0,320.0
NCNC_Hydro,4,2770.0,2770.0,2770.0,2770.0,2770.0,2770.0
North_Hydro,5,23670.0,23670.0,23659.999993000005,23640.000003000005,23400.000003000005,23400.000003000005
PGE_Hydro,6,7100.0,7100.0,7100.0,7100.0,7100.0,7100.0
SCE_Hydro,7,2050.0,2050.0,2050.0,2050.0,2050.0,2050.0
South_Hydro,9,490.0,490.0,490.0,490.0,490.0,490.0
North_Biomass,5,690.0,690.0,621.971831,621.971831,621.971831,621.971831
PGE_Biomass,6,550.0,550.0,550.0,550.0,550.0,550.0
SCE_Biomass,7,180.0,180.0,180.0,180.0,180.0,180.0
Central_Coal,1,210.0,210.0,0.0,0.0,0.0,0.0
South_Coal,9,1050.0,1050.0,482.43243199999995,0.0,0.0,0.0
Central_Geothermal,1,450.0,450.0,450.0,450.0,450.0,450.0
IID_Geothermal,2,460.0,460.0,460.0,460.0,460.0,460.0
LADWP_Geothermal,3,120.0,120.0,120.0,120.0,120.0,120.0
PGE_Geothermal,6,550.0,550.0,550.0,550.0,550.0,550.0
SCE_Geothermal,7,190.0,190.0,190.0,190.0,190.0,190.0
Central_NGCC_1,1,1860.0,1860.0,1728.484848,1258.7878790000002,1033.3333340000004,770.3030300000005
Central_NGCC_2,1,2250.0,2250.0,2250.0,2250.0,1419.0871359999999,1419.0871359999999
IID_NGCC_1,2,140.0,140.0,140.0,140.0,140.0,140.0
IID_NGCC_2,2,280.0,280.0,280.0,280.0,280.0,280.0
LADWP_NGCC_1,3,1530.0,1530.0,1314.11043,1314.11043,1314.11043,1314.11043
LADWP_NGCC_2,3,2000.0,2000.0,2000.0,2000.0,2000.0,2000.0
NCNC_NGCC_1,4,630.0,630.0,630.0,630.0,630.0,630.0
NCNC_NGCC_2,4,790.0,790.0,790.0,790.0,790.0,790.0
North_NGCC_1,5,3050.0,3050.0,3050.0,3050.0,2590.153845,2102.153845
North_NGCC_2,5,3170.0,3170.0,3170.0,3170.0,3170.0,3170.0
PGE_NGCC_1,6,3730.0,3730.0,3730.0,3730.0,3730.0,3730.0
PGE_NGCC_2,6,4710.0,4710.0,4710.0,4710.0,4710.0,4710.0
SCE_NGCC_1,7,2470.0,2470.0,2470.0,2470.0,2470.0,2470.0
SCE_NGCC_2,7,3320.0,3320.0,3320.0,3320.0,3320.0,3320.0
SDGE_NGCC_1,8,850.0,850.0,850.0,850.0,850.0,850.0
SDGE_NGCC_2,8,1150.0,1150.0,1150.0,1150.0,1150.0,1150.0
South_NGCC_1,9,4320.0,4320.0,4320.0,4320.0,4320.0,4320.0
South_NGCC_2,9,4400.0,4400.0,4400.0,4400.0,4400.0,4400.0
North_Nuclear,5,1140.0,1140.0,1140.0,1140.0,1140.0,1140.0
PGE_Nuclear,6,2230.0,2230.0,2230.0,0.0,0.0,0.0
South_Nuclear,9,3890.0,3890.0,3890.0,3890.0,3890.0,3890.0
Central_Peaker_1,1,940.0,940.0,940.0,940.0,940.0,940.0
Central_Peaker_2,1,940.0,940.0,874.1999999999999,733.1999999999999,733.1999999999999,526.4
IID_Peaker_1,2,190.0,190.0,190.0,190.0,190.0,190.0
IID_Peaker_2,2,220.0,220.0,220.0,220.0,220.0,220.0
LADWP_Peaker_1,3,530.0,530.0,530.0,530.0,530.0,530.0
LADWP_Peaker_2,3,660.0,660.0,660.0,660.0,660.0,660.0
NCNC_Peaker_1,4,400.0,400.0,400.0,400.0,400.0,400.0
NCNC_Peaker_2,4,470.0,470.0,470.0,470.0,470.0,470.0
North_Peaker_1,5,510.0,510.0,510.0,510.0,510.0,510.0
North_Peaker_2,5,620.0,620.0,620.0,620.0,620.0,620.0
PGE_Peaker_1,6,1720.0,1720.0,1720.0,1720.0,1720.0,1720.0
PGE_Peaker_2,6,1760.0,1760.0,1760.0,1760.0,1760.0,1760.0
SCE_Peaker_1,7,1520.0,1520.0,1520.0,1520.0,1520.0,1520.0
SCE_Peaker_2,7,1610.0,1610.0,1610.0,1610.0,1610.0,1610.0
SDGE_Peaker_1,8,630.0,630.0,630.0,630.0,630.0,630.0
SDGE_Peaker_2,8,720.0,720.0,720.0,720.0,720.0,720.0
South_Peaker_1,9,1450.0,1450.0,1450.0,1450.0,1450.0,1450.0
South_Peaker_2,9,1540.0,1540.0,1540.0,1540.0,1540.0,1540.0
Central_NGCC_Invest,1,0.0,0.0,0.0,0.0,0.0,1005.0541118585701
IID_NGCC_Invest,2,0.0,0.0,0.0,0.0,443.6285707299999,470.0
LADWP_NGCC_Invest,3,0.0,0.0,0.0,0.0,486.81604461974007,2869.8850785542772
NCNC_NGCC_Invest,4,0.0,0.0,0.0,0.0,0.0,0.0
North_NGCC_Invest,5,0.0,0.0,0.0,0.0,733.4947087312345,2096.4298213305597
PGE_NGCC_Invest,6,0.0,0.0,0.0,0.0,0.0,382.2514695667927
SCE_NGCC_Invest,7,0.0,0.0,0.0,6500.4886173672585,9390.0,9390.0
SDGE_NGCC_Invest,8,0.0,0.0,0.0,0.0,0.0,0.0
South_NGCC_Invest,9,0.0,0.0,0.0,0.0,0.0,3867.5873463512253
Central_Peaker_Invest,1,0.0,645.9925414567659,645.9925414567659,645.9925414567659,645.9925414567659,1894.5618132385532
IID_Peaker_Invest,2,0.0,0.0,470.0,470.0,470.0,470.0
LADWP_Peaker_Invest,3,0.0,0.0,0.0,1385.9401670196858,2477.5986680588117,3023.0977784874312
NCNC_Peaker_Invest,4,0.0,0.0,3790.202045850827,3790.202045850827,3790.202045850827,3790.202045850827
North_Peaker_Invest,5,0.0,0.0,0.0,0.0,0.0,1488.7250989906065
PGE_Peaker_Invest,6,0.0,0.0,0.0,0.0,1683.5776629700003,4442.8932098079895
SCE_Peaker_Invest,7,0.0,2636.7571222534298,9360.0,9360.0,9360.0,9360.0
SDGE_Peaker_Invest,8,0.0,0.0,0.0,4680.0,4680.0,4680.0
South_Peaker_Invest,9,0.0,0.0,0.0,2116.3438991910734,6779.852663142827,6779.852663142827
Central_NG-CCS_Invest,1,0.0,0.0,0.0,0.0,0.0,0.0
North_NG-CCS_Invest,5,0.0,0.0,0.0,0.0,0.0,0.0
PGE_NG-CCS_Invest,6,0.0,0.0,0.0,0.0,0.0,0.0
SCE_NG-CCS_Invest,7,0.0,0.0,0.0,0.0,0.0,0.0
SDGE_NG-CCS_Invest,8,0.0,0.0,0.0,0.0,0.0,0.0
South_NG-CCS_Invest,9,0.0,0.0,0.0,0.0,0.0,0.0
Central_Solar,1,5880.0,5880.0,5880.0,5880.0,5810.707069,5414.747475
IID_Solar,2,630.0,630.0,630.0,630.0,630.0,630.0
LADWP_Solar,3,2290.0,2290.0,2290.0,2290.0,2290.0,2290.0
NCNC_Solar,4,470.0,470.0,470.0,470.0,470.0,470.0
North_Solar,5,1660.0,1660.0,1660.0,1660.0,1492.02381,1373.4523799999997
PGE_Solar,6,6890.0,6890.0,6890.0,6890.0,6890.0,6890.0
SCE_Solar,7,11600.0,11600.0,11600.0,11600.0,11600.0,11600.0
SDGE_Solar,8,2310.0,2310.0,2310.0,2310.0,2310.0,2310.0
South_Solar,9,4000.0,4000.0,4000.0,3970.297028,3811.8811880000003,2821.78218
Central_Wind,1,140.0,140.0,140.0,140.0,140.0,140.0
LADWP_Wind,3,400.0,400.0,400.0,400.0,400.0,400.0
North_Wind,5,7190.0,7190.0,7123.601587,7123.601587,7076.174140000001,7076.174140000001
PGE_Wind,6,1690.0,1690.0,1690.0,1690.0,1690.0,1690.0
SCE_Wind,7,3760.0,3760.0,3760.0,3760.0,3760.0,3760.0
SDGE_Wind,8,660.0,660.0,660.0,660.0,660.0,660.0
South_Wind,9,1970.0,1970.0,1970.0,1970.0,1970.0,1970.0
Central_Solar_Invest,1,0.0,0.0,0.0,0.0,0.0,0.0
IID_Solar_Invest,2,0.0,0.0,0.0,0.0,0.0,2692.7874912465077
LADWP_Solar_Invest,3,0.0,0.0,3747.359689608152,3747.359689608152,7020.0,7020.0
NCNC_Solar_Invest,4,0.0,0.0,1950.0,1950.0,1950.0,1950.0
North_Solar_Invest,5,0.0,0.0,0.0,0.0,3811.5799044834785,9750.0
PGE_Solar_Invest,6,0.0,0.0,0.0,9750.0,9750.0,9750.0
SCE_Solar_Invest,7,0.0,0.0,3109.646793749912,14630.0,14630.0,14630.0
SDGE_Solar_Invest,8,0.0,0.0,0.0,0.0,1850.0,1850.0
South_Solar_Invest,9,0.0,0.0,0.0,0.0,7483.781825899945,9750.0
Central_Solar_LowerQuality_Invest,1,0.0,0.0,0.0,0.0,0.0,0.0
IID_Solar_LowerQuality_Invest,2,0.0,0.0,0.0,0.0,0.0,0.0
LADWP_Solar_LowerQuality_Invest,3,0.0,0.0,0.0,0.0,0.0,0.0
NCNC_Solar_LowerQuality_Invest,4,0.0,0.0,0.0,0.0,2101.6610613634807,3900.0
North_Solar_LowerQuality_Invest,5,0.0,0.0,0.0,0.0,0.0,0.0
PGE_Solar_LowerQuality_Invest,6,0.0,0.0,0.0,0.0,0.0,5923.320969373573
SCE_Solar_LowerQuality_Invest,7,0.0,0.0,0.0,0.0,0.0,0.0
SDGE_Solar_LowerQuality_Invest,8,0.0,0.0,0.0,0.0,0.0,0.0
South_Solar_LowerQuality_Invest,9,0.0,0.0,0.0,0.0,0.0,0.0
Central_Wind_Invest,1,0.0,0.0,0.0,0.0,0.0,0.0
LADWP_Wind_Invest,3,0.0,0.0,0.0,0.0,0.0,0.0
North_Wind_Invest,5,0.0,0.0,0.0,0.0,0.0,0.0
PGE_Wind_Invest,6,0.0,0.0,0.0,0.0,0.0,0.0
South_Wind_Invest,9,0.0,0.0,0.0,0.0,0.0,0.0
Central_Wind_LowerQuality_Invest,1,0.0,0.0,0.0,0.0,0.0,0.0
LADWP_Wind_LowerQuality_Invest,3,0.0,0.0,0.0,0.0,0.0,0.0
North_Wind_LowerQuality_Invest,5,0.0,0.0,0.0,0.0,0.0,0.0
PGE_Wind_LowerQuality_Invest,6,0.0,0.0,0.0,0.0,0.0,0.0
South_Wind_LowerQuality_Invest,9,0.0,0.0,0.0,0.0,0.0,0.0
Central_Storage,1,1220.0,1220.0,1220.0,1096.09375,972.1875000000001,857.8125000000001
IID_Storage,2,120.0,120.0,120.0,110.76923075,92.30769225,83.076923
LADWP_Storage,3,1620.0,1620.0,1620.0,1458.0000000000002,1296.0000000000002,1134.0000000000005
North_Storage,5,320.0,320.0,320.0,291.764706,254.117647,225.882353
PGE_Storage,6,4420.0,4420.0,4420.0,3973.2473109999996,3535.9999999999995,3089.247310999999
SCE_Storage,7,8650.0,8650.0,8650.0,7785.0,6920.0,6055.0
SDGE_Storage,8,1590.0,1590.0,1590.0,1428.14371275,1275.80838375,1113.952095
South_Storage,9,1950.0,1950.0,1950.0,1750.24390325,1559.9999999999998,1360.2439032499997
Central_Storage_Invest,1,0.0,0.0,0.0,1348.9106092506988,4510.809447979468,4510.809447979468
IID_Storage_Invest,2,0.0,0.0,0.0,0.0,0.0,817.4842746809876
LADWP_Storage_Invest,3,0.0,0.0,0.0,0.0,557.9800189334986,557.9800189334986
NCNC_Storage_Invest,4,0.0,0.0,0.0,0.0,0.0,18.92252263499969
North_Storage_Invest,5,0.0,0.0,0.0,0.0,0.0,0.0
PGE_Storage_Invest,6,0.0,0.0,0.0,0.0,0.0,5158.738493566557
SCE_Storage_Invest,7,0.0,0.0,0.0,0.0,1325.5286868440348,2340.5202113684104
SDGE_Storage_Invest,8,0.0,0.0,0.0,2189.13128220825,4609.529547288089,4609.529547288089
South_Storage_Invest,9,0.0,0.0,0.0,0.0,3356.290727102567,3356.290727102567
Total,n/a,176620.0,179902.7496637102,198358.00219166564,232479.6002237027,269627.3881344548,305876.32167660433
