Resource,Zone,StartEnergyCap_p1,EndEnergyCap_p1,EndEnergyCap_p2,EndEnergyCap_p3,EndEnergyCap_p4,EndEnergyCap_p5
LADWP_Hydro,3,0.0,0.0,0.0,0.0,0.0,0.0
NCNC_Hydro,4,0.0,0.0,0.0,0.0,0.0,0.0
North_Hydro,5,0.0,0.0,0.0,0.0,0.0,0.0
PGE_Hydro,6,0.0,0.0,0.0,0.0,0.0,0.0
SCE_Hydro,7,0.0,0.0,0.0,0.0,0.0,0.0
South_Hydro,9,0.0,0.0,0.0,0.0,0.0,0.0
North_Biomass,5,0.0,0.0,0.0,0.0,0.0,0.0
PGE_Biomass,6,0.0,0.0,0.0,0.0,0.0,0.0
SCE_Biomass,7,0.0,0.0,0.0,0.0,0.0,0.0
Central_Coal,1,0.0,0.0,0.0,0.0,0.0,0.0
South_Coal,9,0.0,0.0,0.0,0.0,0.0,0.0
Central_Geothermal,1,0.0,0.0,0.0,0.0,0.0,0.0
IID_Geothermal,2,0.0,0.0,0.0,0.0,0.0,0.0
LADWP_Geothermal,3,0.0,0.0,0.0,0.0,0.0,0.0
PGE_Geothermal,6,0.0,0.0,0.0,0.0,0.0,0.0
SCE_Geothermal,7,0.0,0.0,0.0,0.0,0.0,0.0
Central_NGCC_1,1,0.0,0.0,0.0,0.0,0.0,0.0
Central_NGCC_2,1,0.0,0.0,0.0,0.0,0.0,0.0
IID_NGCC_1,2,0.0,0.0,0.0,0.0,0.0,0.0
IID_NGCC_2,2,0.0,0.0,0.0,0.0,0.0,0.0
LADWP_NGCC_1,3,0.0,0.0,0.0,0.0,0.0,0.0
LADWP_NGCC_2,3,0.0,0.0,0.0,0.0,0.0,0.0
NCNC_NGCC_1,4,0.0,0.0,0.0,0.0,0.0,0.0
NCNC_NGCC_2,4,0.0,0.0,0.0,0.0,0.0,0.0
North_NGCC_1,5,0.0,0.0,0.0,0.0,0.0,0.0
North_NGCC_2,5,0.0,0.0,0.0,0.0,0.0,0.0
PGE_NGCC_1,6,0.0,0.0,0.0,0.0,0.0,0.0
PGE_NGCC_2,6,0.0,0.0,0.0,0.0,0.0,0.0
SCE_NGCC_1,7,0.0,0.0,0.0,0.0,0.0,0.0
SCE_NGCC_2,7,0.0,0.0,0.0,0.0,0.0,0.0
SDGE_NGCC_1,8,0.0,0.0,0.0,0.0,0.0,0.0
SDGE_NGCC_2,8,0.0,0.0,0.0,0.0,0.0,0.0
South_NGCC_1,9,0.0,0.0,0.0,0.0,0.0,0.0
South_NGCC_2,9,0.0,0.0,0.0,0.0,0.0,0.0
North_Nuclear,5,0.0,0.0,0.0,0.0,0.0,0.0
PGE_Nuclear,6,0.0,0.0,0.0,0.0,0.0,0.0
South_Nuclear,9,0.0,0.0,0.0,0.0,0.0,0.0
Central_Peaker_1,1,0.0,0.0,0.0,0.0,0.0,0.0
Central_Peaker_2,1,0.0,0.0,0.0,0.0,0.0,0.0
IID_Peaker_1,2,0.0,0.0,0.0,0.0,0.0,0.0
IID_Peaker_2,2,0.0,0.0,0.0,0.0,0.0,0.0
LADWP_Peaker_1,3,0.0,0.0,0.0,0.0,0.0,0.0
LADWP_Peaker_2,3,0.0,0.0,0.0,0.0,0.0,0.0
NCNC_Peaker_1,4,0.0,0.0,0.0,0.0,0.0,0.0
NCNC_Peaker_2,4,0.0,0.0,0.0,0.0,0.0,0.0
North_Peaker_1,5,0.0,0.0,0.0,0.0,0.0,0.0
North_Peaker_2,5,0.0,0.0,0.0,0.0,0.0,0.0
PGE_Peaker_1,6,0.0,0.0,0.0,0.0,0.0,0.0
PGE_Peaker_2,6,0.0,0.0,0.0,0.0,0.0,0.0
SCE_Peaker_1,7,0.0,0.0,0.0,0.0,0.0,0.0
SCE_Peaker_2,7,0.0,0.0,0.0,0.0,0.0,0.0
SDGE_Peaker_1,8,0.0,0.0,0.0,0.0,0.0,0.0
SDGE_Peaker_2,8,0.0,0.0,0.0,0.0,0.0,0.0
South_Peaker_1,9,0.0,0.0,0.0,0.0,0.0,0.0
South_Peaker_2,9,0.0,0.0,0.0,0.0,0.0,0.0
Central_NGCC_Invest,1,0.0,0.0,0.0,0.0,0.0,0.0
IID_NGCC_Invest,2,0.0,0.0,0.0,0.0,0.0,0.0
LADWP_NGCC_Invest,3,0.0,0.0,0.0,0.0,0.0,0.0
NCNC_NGCC_Invest,4,0.0,0.0,0.0,0.0,0.0,0.0
North_NGCC_Invest,5,0.0,0.0,0.0,0.0,0.0,0.0
PGE_NGCC_Invest,6,0.0,0.0,0.0,0.0,0.0,0.0
SCE_NGCC_Invest,7,0.0,0.0,0.0,0.0,0.0,0.0
SDGE_NGCC_Invest,8,0.0,0.0,0.0,0.0,0.0,0.0
South_NGCC_Invest,9,0.0,0.0,0.0,0.0,0.0,0.0
Central_Peaker_Invest,1,0.0,0.0,0.0,0.0,0.0,0.0
IID_Peaker_Invest,2,0.0,0.0,0.0,0.0,0.0,0.0
LADWP_Peaker_Invest,3,0.0,0.0,0.0,0.0,0.0,0.0
NCNC_Peaker_Invest,4,0.0,0.0,0.0,0.0,0.0,0.0
North_Peaker_Invest,5,0.0,0.0,0.0,0.0,0.0,0.0
PGE_Peaker_Invest,6,0.0,0.0,0.0,0.0,0.0,0.0
SCE_Peaker_Invest,7,0.0,0.0,0.0,0.0,0.0,0.0
SDGE_Peaker_Invest,8,0.0,0.0,0.0,0.0,0.0,0.0
South_Peaker_Invest,9,0.0,0.0,0.0,0.0,0.0,0.0
Central_NG-CCS_Invest,1,0.0,0.0,0.0,0.0,0.0,0.0
North_NG-CCS_Invest,5,0.0,0.0,0.0,0.0,0.0,0.0
PGE_NG-CCS_Invest,6,0.0,0.0,0.0,0.0,0.0,0.0
SCE_NG-CCS_Invest,7,0.0,0.0,0.0,0.0,0.0,0.0
SDGE_NG-CCS_Invest,8,0.0,0.0,0.0,0.0,0.0,0.0
South_NG-CCS_Invest,9,0.0,0.0,0.0,0.0,0.0,0.0
Central_Solar,1,0.0,0.0,0.0,0.0,0.0,0.0
IID_Solar,2,0.0,0.0,0.0,0.0,0.0,0.0
LADWP_Solar,3,0.0,0.0,0.0,0.0,0.0,0.0
NCNC_Solar,4,0.0,0.0,0.0,0.0,0.0,0.0
North_Solar,5,0.0,0.0,0.0,0.0,0.0,0.0
PGE_Solar,6,0.0,0.0,0.0,0.0,0.0,0.0
SCE_Solar,7,0.0,0.0,0.0,0.0,0.0,0.0
SDGE_Solar,8,0.0,0.0,0.0,0.0,0.0,0.0
South_Solar,9,0.0,0.0,0.0,0.0,0.0,0.0
Central_Wind,1,0.0,0.0,0.0,0.0,0.0,0.0
LADWP_Wind,3,0.0,0.0,0.0,0.0,0.0,0.0
North_Wind,5,0.0,0.0,0.0,0.0,0.0,0.0
PGE_Wind,6,0.0,0.0,0.0,0.0,0.0,0.0
SCE_Wind,7,0.0,0.0,0.0,0.0,0.0,0.0
SDGE_Wind,8,0.0,0.0,0.0,0.0,0.0,0.0
South_Wind,9,0.0,0.0,0.0,0.0,0.0,0.0
Central_Solar_Invest,1,0.0,0.0,0.0,0.0,0.0,0.0
IID_Solar_Invest,2,0.0,0.0,0.0,0.0,0.0,0.0
LADWP_Solar_Invest,3,0.0,0.0,0.0,0.0,0.0,0.0
NCNC_Solar_Invest,4,0.0,0.0,0.0,0.0,0.0,0.0
North_Solar_Invest,5,0.0,0.0,0.0,0.0,0.0,0.0
PGE_Solar_Invest,6,0.0,0.0,0.0,0.0,0.0,0.0
SCE_Solar_Invest,7,0.0,0.0,0.0,0.0,0.0,0.0
SDGE_Solar_Invest,8,0.0,0.0,0.0,0.0,0.0,0.0
South_Solar_Invest,9,0.0,0.0,0.0,0.0,0.0,0.0
Central_Solar_LowerQuality_Invest,1,0.0,0.0,0.0,0.0,0.0,0.0
IID_Solar_LowerQuality_Invest,2,0.0,0.0,0.0,0.0,0.0,0.0
LADWP_Solar_LowerQuality_Invest,3,0.0,0.0,0.0,0.0,0.0,0.0
NCNC_Solar_LowerQuality_Invest,4,0.0,0.0,0.0,0.0,0.0,0.0
North_Solar_LowerQuality_Invest,5,0.0,0.0,0.0,0.0,0.0,0.0
PGE_Solar_LowerQuality_Invest,6,0.0,0.0,0.0,0.0,0.0,0.0
SCE_Solar_LowerQuality_Invest,7,0.0,0.0,0.0,0.0,0.0,0.0
SDGE_Solar_LowerQuality_Invest,8,0.0,0.0,0.0,0.0,0.0,0.0
South_Solar_LowerQuality_Invest,9,0.0,0.0,0.0,0.0,0.0,0.0
Central_Wind_Invest,1,0.0,0.0,0.0,0.0,0.0,0.0
LADWP_Wind_Invest,3,0.0,0.0,0.0,0.0,0.0,0.0
North_Wind_Invest,5,0.0,0.0,0.0,0.0,0.0,0.0
PGE_Wind_Invest,6,0.0,0.0,0.0,0.0,0.0,0.0
South_Wind_Invest,9,0.0,0.0,0.0,0.0,0.0,0.0
Central_Wind_LowerQuality_Invest,1,0.0,0.0,0.0,0.0,0.0,0.0
LADWP_Wind_LowerQuality_Invest,3,0.0,0.0,0.0,0.0,0.0,0.0
North_Wind_LowerQuality_Invest,5,0.0,0.0,0.0,0.0,0.0,0.0
PGE_Wind_LowerQuality_Invest,6,0.0,0.0,0.0,0.0,0.0,0.0
South_Wind_LowerQuality_Invest,9,0.0,0.0,0.0,0.0,0.0,0.0
Central_Storage,1,4880.0,4880.0,4880.0,4384.375,3888.7500000000005,3431.2500000000005
IID_Storage,2,480.0,480.0,480.0,443.076923,369.230769,332.307692
LADWP_Storage,3,6480.0,6480.0,6480.0,5832.000000000001,5184.000000000001,4536.000000000002
North_Storage,5,1280.0,1280.0,1280.0,1167.058824,1016.470588,903.529412
PGE_Storage,6,17680.0,17680.0,17680.0,15892.989243999999,14143.999999999998,12356.989243999997
SCE_Storage,7,34600.0,34600.0,34600.0,31140.0,27680.0,24220.0
SDGE_Storage,8,6360.0,6360.0,6360.0,5712.574851,5103.233535,4455.80838
South_Storage,9,7800.0,7800.0,7800.0,7000.975613,6239.999999999999,5440.975612999999
Central_Storage_Invest,1,0.0,0.0,0.0,5395.642437002795,18043.237791917873,18043.237791917873
IID_Storage_Invest,2,0.0,0.0,0.0,0.0,0.0,3269.9370987239504
LADWP_Storage_Invest,3,0.0,0.0,0.0,0.0,2231.9200757339945,2231.9200757339945
NCNC_Storage_Invest,4,0.0,0.0,0.0,0.0,0.0,75.69009053999876
North_Storage_Invest,5,0.0,0.0,0.0,0.0,0.0,0.0
PGE_Storage_Invest,6,0.0,0.0,0.0,0.0,0.0,20634.953974266227
SCE_Storage_Invest,7,0.0,0.0,0.0,0.0,5302.114747376139,9362.080845473642
SDGE_Storage_Invest,8,0.0,0.0,0.0,8756.525128833,18438.118189152356,18438.118189152356
South_Storage_Invest,9,0.0,0.0,0.0,0.0,13425.162908410268,13425.162908410268
Total,n/a,79560.0,79560.0,79560.0,85725.2180208358,121066.23860459065,141157.9613152183
