Resource,Fuel,Zone,AnnualSumCosts
North_Biomass,biomass_north,5,0.0
PGE_Biomass,biomass_pge,6,0.0
SCE_Biomass,biomass_sce,7,0.0
Central_Coal,coal_central,1,3.795720279973106e7
South_Coal,coal_south,9,1.893134691459873e8
Central_NGCC_1,ngcc_central,1,4.215405606748744e8
Central_NGCC_2,ngcc_central,1,1.574081174726802e8
IID_NGCC_1,ngcc_iid,2,3.724905000278562e7
IID_NGCC_2,ngcc_iid,2,4.030678170951584e7
LADWP_NGCC_1,ngcc_ladwp,3,4.004343760883089e8
LADWP_NGCC_2,ngcc_ladwp,3,2.563397864691524e8
NCNC_NGCC_1,ngcc_ncnc,4,3.501531242619828e6
NCNC_NGCC_2,ngcc_ncnc,4,0.0
North_NGCC_1,ngcc_north,5,5.961739844745175e8
North_NGCC_2,ngcc_north,5,1.2999823965639064e8
PGE_NGCC_1,ngcc_pge,6,3.635468952468684e7
PGE_NGCC_2,ngcc_pge,6,0.0
SCE_NGCC_1,ngcc_sce,7,6.619084926731555e8
SCE_NGCC_2,ngcc_sce,7,5.657328742713293e8
SDGE_NGCC_1,ngcc_sdge,8,4.257738172111065e6
SDGE_NGCC_2,ngcc_sdge,8,0.0
South_NGCC_1,ngcc_south,9,1.0250340060953788e9
South_NGCC_2,ngcc_south,9,3.066977858075351e8
North_Nuclear,nuclear_north,5,7.700836680014418e7
PGE_Nuclear,nuclear_pge,6,1.6034096066974655e8
South_Nuclear,nuclear_south,9,2.78656572589801e8
Central_Peaker_1,peaker_central,1,0.0
Central_Peaker_2,peaker_central,1,0.0
IID_Peaker_1,peaker_iid,2,0.0
IID_Peaker_2,peaker_iid,2,0.0
LADWP_Peaker_1,peaker_ladwp,3,0.0
LADWP_Peaker_2,peaker_ladwp,3,0.0
NCNC_Peaker_1,peaker_ncnc,4,0.0
NCNC_Peaker_2,peaker_ncnc,4,0.0
North_Peaker_1,peaker_north,5,0.0
North_Peaker_2,peaker_north,5,0.0
PGE_Peaker_1,peaker_pge,6,0.0
PGE_Peaker_2,peaker_pge,6,0.0
SCE_Peaker_1,peaker_sce,7,1.4975341871049271e6
SCE_Peaker_2,peaker_sce,7,0.0
SDGE_Peaker_1,peaker_sdge,8,0.0
SDGE_Peaker_2,peaker_sdge,8,0.0
South_Peaker_1,peaker_south,9,0.0
South_Peaker_2,peaker_south,9,0.0
Central_NGCC_Invest,ngcc_central,1,0.0
IID_NGCC_Invest,ngcc_iid,2,0.0
LADWP_NGCC_Invest,ngcc_ladwp,3,0.0
NCNC_NGCC_Invest,ngcc_ncnc,4,0.0
North_NGCC_Invest,ngcc_north,5,0.0
PGE_NGCC_Invest,ngcc_pge,6,0.0
SCE_NGCC_Invest,ngcc_sce,7,0.0
SDGE_NGCC_Invest,ngcc_sdge,8,0.0
South_NGCC_Invest,ngcc_south,9,0.0
Central_Peaker_Invest,peaker_central,1,0.0
IID_Peaker_Invest,peaker_iid,2,0.0
LADWP_Peaker_Invest,peaker_ladwp,3,0.0
NCNC_Peaker_Invest,peaker_ncnc,4,0.0
North_Peaker_Invest,peaker_north,5,0.0
PGE_Peaker_Invest,peaker_pge,6,0.0
SCE_Peaker_Invest,peaker_sce,7,936476.5319100447
SDGE_Peaker_Invest,peaker_sdge,8,0.0
South_Peaker_Invest,peaker_south,9,0.0
Central_NG-CCS_Invest,ng_ccs_central,1,0.0
North_NG-CCS_Invest,ng_ccs_north,5,0.0
PGE_NG-CCS_Invest,ng_ccs_pge,6,0.0
SCE_NG-CCS_Invest,ng_ccs_sce,7,0.0
SDGE_NG-CCS_Invest,ng_ccs_sdge,8,0.0
South_NG-CCS_Invest,ng_ccs_south,9,0.0
