Resource,Zone,AnnualSum,Capacity,CapacityFactor
LADWP_Hydro,3,609235.446828409,320.0,0.21733570449072803
NCNC_Hydro,4,7.894594325782214e6,2770.0,0.32534635303983533
North_Hydro,5,1.3059109662623687e8,23659.999993000005,0.6300785898828979
PGE_Hydro,6,1.882367308107142e7,7100.0,0.3026508630952379
SCE_Hydro,7,5.341570572176123e6,2050.0,0.29744796593028855
South_Hydro,9,1.641737201975296e6,490.0,0.3824753522447339
North_Biomass,5,0.0,621.971831,0.0
PGE_Biomass,6,0.0,550.0,0.0
SCE_Biomass,7,0.0,180.0,0.0
Central_Coal,1,0.0,0.0,0.0
South_Coal,9,4.226108104320042e6,482.43243199999995,1.0000000000000098
Central_Geothermal,1,3.9420000000000205e6,450.0,1.0000000000000049
IID_Geothermal,2,4.029599999999979e6,460.0,0.9999999999999946
LADWP_Geothermal,3,1.0511999999999967e6,120.0,0.9999999999999967
PGE_Geothermal,6,4.818000000000043e6,550.0,1.0000000000000087
SCE_Geothermal,7,1.6644000000000133e6,190.0,1.0000000000000078
Central_NGCC_1,1,1.3409592309562461e7,1728.484848,0.8856168913341459
Central_NGCC_2,1,9.61054539909826e6,2250.0,0.4875974327294905
IID_NGCC_1,2,1.175772591553802e6,140.0,0.9587186819584161
IID_NGCC_2,2,1.723408609678869e6,280.0,0.7026290809193039
LADWP_NGCC_1,3,1.1441579655742468e7,1314.11043,0.9939167738417228
LADWP_NGCC_2,3,1.1754359543865148e7,2000.0,0.6709109328690152
NCNC_NGCC_1,4,1.5606936453786811e6,630.0,0.28279583340194986
NCNC_NGCC_2,4,0.0,790.0,0.0
North_NGCC_1,5,2.328901755212477e7,3050.0,0.8716602122960088
North_NGCC_2,5,1.5502291460646108e7,3170.0,0.5582548816907258
PGE_NGCC_1,6,1.1240091347462073e7,3730.0,0.3439987803280225
PGE_NGCC_2,6,0.0,4710.0,0.0
SCE_NGCC_1,7,2.080720131830153e7,2470.0,0.9616401992079162
SCE_NGCC_2,7,2.1950425428431682e7,3320.0,0.7547458817610057
SDGE_NGCC_1,8,804223.315532608,850.0,0.10800742889237279
SDGE_NGCC_2,8,0.0,1150.0,0.0
South_NGCC_1,9,3.462826313335362e7,4320.0,0.9150458505980893
South_NGCC_2,9,2.1035367901951943e7,4400.0,0.5457494785686992
North_Nuclear,5,9.98640000000004e6,1140.0,1.0000000000000038
PGE_Nuclear,6,1.9534800000000034e7,2230.0,1.0000000000000016
South_Nuclear,9,3.407640000000014e7,3890.0,1.000000000000004
Central_Peaker_1,1,0.0,940.0,0.0
Central_Peaker_2,1,0.0,874.1999999999999,0.0
IID_Peaker_1,2,61659.4505935303,190.0,0.0370460529881821
IID_Peaker_2,2,0.0,220.0,0.0
LADWP_Peaker_1,3,0.0,530.0,0.0
LADWP_Peaker_2,3,0.0,660.0,0.0
NCNC_Peaker_1,4,0.0,400.0,0.0
NCNC_Peaker_2,4,0.0,470.0,0.0
North_Peaker_1,5,0.0,510.0,0.0
North_Peaker_2,5,0.0,620.0,0.0
PGE_Peaker_1,6,0.0,1720.0,0.0
PGE_Peaker_2,6,0.0,1760.0,0.0
SCE_Peaker_1,7,520666.4794940147,1520.0,0.03910316626817582
SCE_Peaker_2,7,0.0,1610.0,0.0
SDGE_Peaker_1,8,0.0,630.0,0.0
SDGE_Peaker_2,8,0.0,720.0,0.0
South_Peaker_1,9,4313.185810748331,1450.0,0.0003395674547904527
South_Peaker_2,9,0.0,1540.0,0.0
Central_NGCC_Invest,1,0.0,0.0,0.0
IID_NGCC_Invest,2,0.0,0.0,0.0
LADWP_NGCC_Invest,3,0.0,0.0,0.0
NCNC_NGCC_Invest,4,0.0,0.0,0.0
North_NGCC_Invest,5,0.0,0.0,0.0
PGE_NGCC_Invest,6,0.0,0.0,0.0
SCE_NGCC_Invest,7,8.239447889945806e6,1361.4123079962515,0.6908827234923809
SDGE_NGCC_Invest,8,0.0,0.0,0.0
South_NGCC_Invest,9,0.0,0.0,0.0
Central_Peaker_Invest,1,0.0,171.91591940405985,0.0
IID_Peaker_Invest,2,110515.94092152707,470.0,0.026842499980940213
LADWP_Peaker_Invest,3,0.0,4680.0,0.0
NCNC_Peaker_Invest,4,0.0,0.0,0.0
North_Peaker_Invest,5,0.0,599.0152738449582,0.0
PGE_Peaker_Invest,6,0.0,0.0,0.0
SCE_Peaker_Invest,7,1.4471159852234107e6,9360.0,0.017649133410698035
SDGE_Peaker_Invest,8,0.0,0.0,0.0
South_Peaker_Invest,9,629.1330179920467,627.4093658879588,0.00011446886446886447
Central_NG-CCS_Invest,1,0.0,0.0,0.0
North_NG-CCS_Invest,5,0.0,0.0,0.0
PGE_NG-CCS_Invest,6,0.0,0.0,0.0
SCE_NG-CCS_Invest,7,0.0,0.0,0.0
SDGE_NG-CCS_Invest,8,0.0,0.0,0.0
South_NG-CCS_Invest,9,0.0,0.0,0.0
Central_Solar,1,1.4786097720408168e7,5880.0,0.28705964263209716
IID_Solar,2,1.7710305523515462e6,630.0,0.3209086309254812
LADWP_Solar,3,6.828271488563776e6,2290.0,0.340385609886332
NCNC_Solar,4,1.2991319411717714e6,470.0,0.3155377298095237
North_Solar,5,3.0099561678110384e6,1660.0,0.20698933871176747
PGE_Solar,6,1.7927164572480373e7,6890.0,0.2970217669125456
SCE_Solar,7,3.425027624740695e7,11600.0,0.3370559385077837
SDGE_Solar,8,6.7319768474298855e6,2310.0,0.33267987346211053
South_Solar,9,1.1265741991496047e7,4000.0,0.3215109015837912
Central_Wind,1,444611.95286331145,140.0,0.3625342081403387
LADWP_Wind,3,1.146531586510395e6,400.0,0.32720650299954185
North_Wind,5,1.4329550816919435e7,7123.601587,0.22963011789377274
PGE_Wind,6,4.246616631496851e6,1690.0,0.28684827696474363
SCE_Wind,7,9.699936861534132e6,3760.0,0.2944943426823487
SDGE_Wind,8,1.5359159354374127e6,660.0,0.2656558626396521
South_Wind,9,5.322923148373891e6,1970.0,0.3084465120861953
Central_Solar_Invest,1,0.0,0.0,0.0
IID_Solar_Invest,2,0.0,0.0,0.0
LADWP_Solar_Invest,3,0.0,0.0,0.0
NCNC_Solar_Invest,4,0.0,0.0,0.0
North_Solar_Invest,5,0.0,0.0,0.0
PGE_Solar_Invest,6,0.0,0.0,0.0
SCE_Solar_Invest,7,0.0,0.0,0.0
SDGE_Solar_Invest,8,0.0,0.0,0.0
South_Solar_Invest,9,0.0,0.0,0.0
Central_Solar_LowerQuality_Invest,1,0.0,0.0,0.0
IID_Solar_LowerQuality_Invest,2,0.0,0.0,0.0
LADWP_Solar_LowerQuality_Invest,3,0.0,0.0,0.0
NCNC_Solar_LowerQuality_Invest,4,0.0,0.0,0.0
North_Solar_LowerQuality_Invest,5,0.0,0.0,0.0
PGE_Solar_LowerQuality_Invest,6,0.0,0.0,0.0
SCE_Solar_LowerQuality_Invest,7,0.0,0.0,0.0
SDGE_Solar_LowerQuality_Invest,8,0.0,0.0,0.0
South_Solar_LowerQuality_Invest,9,0.0,0.0,0.0
Central_Wind_Invest,1,0.0,0.0,0.0
LADWP_Wind_Invest,3,0.0,0.0,0.0
North_Wind_Invest,5,0.0,0.0,0.0
PGE_Wind_Invest,6,0.0,0.0,0.0
South_Wind_Invest,9,0.0,0.0,0.0
Central_Wind_LowerQuality_Invest,1,0.0,0.0,0.0
LADWP_Wind_LowerQuality_Invest,3,0.0,0.0,0.0
North_Wind_LowerQuality_Invest,5,0.0,0.0,0.0
PGE_Wind_LowerQuality_Invest,6,0.0,0.0,0.0
South_Wind_LowerQuality_Invest,9,0.0,0.0,0.0
Central_Storage,1,1.368198222484923e6,1220.0,0.0
IID_Storage,2,133141.05435885943,120.0,0.0
LADWP_Storage,3,888794.8098492326,1620.0,0.0
North_Storage,5,15234.56295461099,320.0,0.0
PGE_Storage,6,1.3483607876967092e6,4420.0,0.0
SCE_Storage,7,8.721370980534451e6,8650.0,0.0
SDGE_Storage,8,1.8631908017129137e6,1590.0,0.0
South_Storage,9,1.9983248472920049e6,1950.0,0.0
Central_Storage_Invest,1,0.0,0.0,0.0
IID_Storage_Invest,2,0.0,0.0,0.0
LADWP_Storage_Invest,3,0.0,0.0,0.0
NCNC_Storage_Invest,4,0.0,0.0,0.0
North_Storage_Invest,5,0.0,0.0,0.0
PGE_Storage_Invest,6,0.0,0.0,0.0
SCE_Storage_Invest,7,0.0,0.0,0.0
SDGE_Storage_Invest,8,0.0,0.0,0.0
South_Storage_Invest,9,0.0,0.0,0.0
