Resource,Zone,Model,New_Build,Can_Retire,Existing_Cap_MW,Max_Cap_MW,Min_Cap_MW,Inv_Cost_per_MWyr,Fixed_OM_Cost_per_MWyr,Var_OM_Cost_per_MWh,Heat_Rate_MMBTU_per_MWh,Fuel,Cap_Size,Start_Cost_per_MW,Start_Fuel_MMBTU_per_MW,Up_Time,Down_Time,Ramp_Up_Percentage,Ramp_Dn_Percentage,Min_Power,Reg_Max,Rsv_Max,Reg_Cost,Rsv_Cost,region,cluster
North_Biomass,5,2,0,1,690,-1,-1,0,38000,1.86,9.6,biomass_north,1,0,0,0,0,1,1,0,0,0,0,0,North,1
PGE_Biomass,6,2,0,1,550,-1,-1,0,38000,1.86,9.6,biomass_pge,1,0,0,0,0,1,1,0,0,0,0,0,PGE,1
SCE_Biomass,7,2,0,1,180,-1,-1,0,38000,1.86,9.6,biomass_sce,1,0,0,0,0,1,1,0,0,0,0,0,SCE,1
Central_Coal,1,2,0,1,210,-1,-1,0,46000,2.2,11.2,coal_central,1,0,0,0,0,1,1,0,0,0,0,0,Central,1
South_Coal,9,2,0,1,1050,-1,-1,0,46000,2.2,11.2,coal_south,1,0,0,0,0,1,1,0,0,0,0,0,South,1
Central_Geothermal,1,2,0,1,450,-1,-1,0,132000,2.59,0,None,1,0,0,0,0,1,1,0,0,0,0,0,Central,1
IID_Geothermal,2,2,0,1,460,-1,-1,0,132000,2.59,0,None,1,0,0,0,0,1,1,0,0,0,0,0,IID,1
LADWP_Geothermal,3,2,0,1,120,-1,-1,0,132000,2.59,0,None,1,0,0,0,0,1,1,0,0,0,0,0,LADWP,1
PGE_Geothermal,6,2,0,1,550,-1,-1,0,132000,2.59,0,None,1,0,0,0,0,1,1,0,0,0,0,0,PGE,1
SCE_Geothermal,7,2,0,1,190,-1,-1,0,132000,2.59,0,None,1,0,0,0,0,1,1,0,0,0,0,0,SCE,1
Central_NGCC_1,1,2,0,1,1860,-1,-1,0,17000,2,6.9,ngcc_central,1,0,0,0,0,1,1,0,0,0,0,0,Central,1
Central_NGCC_2,1,2,0,1,2250,-1,-1,0,21000,2,7.8,ngcc_central,1,0,0,0,0,1,1,0,0,0,0,0,Central,1
IID_NGCC_1,2,2,0,1,140,-1,-1,0,17000,2,6.9,ngcc_iid,1,0,0,0,0,1,1,0,0,0,0,0,IID,1
IID_NGCC_2,2,2,0,1,280,-1,-1,0,21000,2,7.8,ngcc_iid,1,0,0,0,0,1,1,0,0,0,0,0,IID,1
LADWP_NGCC_1,3,2,0,1,1530,-1,-1,0,17000,2,6.9,ngcc_ladwp,1,0,0,0,0,1,1,0,0,0,0,0,LADWP,1
LADWP_NGCC_2,3,2,0,1,2000,-1,-1,0,21000,2,7.8,ngcc_ladwp,1,0,0,0,0,1,1,0,0,0,0,0,LADWP,1
NCNC_NGCC_1,4,2,0,1,630,-1,-1,0,17000,2,6.9,ngcc_ncnc,1,0,0,0,0,1,1,0,0,0,0,0,NCNC,1
NCNC_NGCC_2,4,2,0,1,790,-1,-1,0,21000,2,7.8,ngcc_ncnc,1,0,0,0,0,1,1,0,0,0,0,0,NCNC,1
North_NGCC_1,5,2,0,1,3050,-1,-1,0,17000,2,6.9,ngcc_north,1,0,0,0,0,1,1,0,0,0,0,0,North,1
North_NGCC_2,5,2,0,1,3170,-1,-1,0,21000,2,7.8,ngcc_north,1,0,0,0,0,1,1,0,0,0,0,0,North,1
PGE_NGCC_1,6,2,0,1,3730,-1,-1,0,17000,2,6.9,ngcc_pge,1,0,0,0,0,1,1,0,0,0,0,0,PGE,1
PGE_NGCC_2,6,2,0,1,4710,-1,-1,0,21000,2,7.8,ngcc_pge,1,0,0,0,0,1,1,0,0,0,0,0,PGE,1
SCE_NGCC_1,7,2,0,1,2470,-1,-1,0,17000,2,6.9,ngcc_sce,1,0,0,0,0,1,1,0,0,0,0,0,SCE,1
SCE_NGCC_2,7,2,0,1,3320,-1,-1,0,21000,2,7.8,ngcc_sce,1,0,0,0,0,1,1,0,0,0,0,0,SCE,1
SDGE_NGCC_1,8,2,0,1,850,-1,-1,0,17000,2,6.9,ngcc_sdge,1,0,0,0,0,1,1,0,0,0,0,0,SDGE,1
SDGE_NGCC_2,8,2,0,1,1150,-1,-1,0,21000,2,7.8,ngcc_sdge,1,0,0,0,0,1,1,0,0,0,0,0,SDGE,1
South_NGCC_1,9,2,0,1,4320,-1,-1,0,17000,2,6.9,ngcc_south,1,0,0,0,0,1,1,0,0,0,0,0,South,1
South_NGCC_2,9,2,0,1,4400,-1,-1,0,21000,2,7.8,ngcc_south,1,0,0,0,0,1,1,0,0,0,0,0,South,1
North_Nuclear,5,2,0,1,1140,-1,-1,0,105000,5.63,10.3,nuclear_north,1,0,0,0,0,1,1,0,0,0,0,0,North,1
PGE_Nuclear,6,2,0,1,2230,-1,-1,0,105000,5.63,10.3,nuclear_pge,1,0,0,0,0,1,1,0,0,0,0,0,PGE,1
South_Nuclear,9,2,0,1,3890,-1,-1,0,105000,5.63,10.3,nuclear_south,1,0,0,0,0,1,1,0,0,0,0,0,South,1
Central_Peaker_1,1,2,0,1,940,-1,-1,0,15000,0.69,9.3,peaker_central,1,0,0,0,0,1,1,0,0,0,0,0,Central,1
Central_Peaker_2,1,2,0,1,940,-1,-1,0,15000,0.67,11.8,peaker_central,1,0,0,0,0,1,1,0,0,0,0,0,Central,1
IID_Peaker_1,2,2,0,1,190,-1,-1,0,15000,0.69,9.3,peaker_iid,1,0,0,0,0,1,1,0,0,0,0,0,IID,1
IID_Peaker_2,2,2,0,1,220,-1,-1,0,15000,0.67,11.8,peaker_iid,1,0,0,0,0,1,1,0,0,0,0,0,IID,1
LADWP_Peaker_1,3,2,0,1,530,-1,-1,0,15000,0.69,9.3,peaker_ladwp,1,0,0,0,0,1,1,0,0,0,0,0,LADWP,1
LADWP_Peaker_2,3,2,0,1,660,-1,-1,0,15000,0.67,11.8,peaker_ladwp,1,0,0,0,0,1,1,0,0,0,0,0,LADWP,1
NCNC_Peaker_1,4,2,0,1,400,-1,-1,0,15000,0.69,9.3,peaker_ncnc,1,0,0,0,0,1,1,0,0,0,0,0,NCNC,1
NCNC_Peaker_2,4,2,0,1,470,-1,-1,0,15000,0.67,11.8,peaker_ncnc,1,0,0,0,0,1,1,0,0,0,0,0,NCNC,1
North_Peaker_1,5,2,0,1,510,-1,-1,0,15000,0.69,9.3,peaker_north,1,0,0,0,0,1,1,0,0,0,0,0,North,1
North_Peaker_2,5,2,0,1,620,-1,-1,0,15000,0.67,11.8,peaker_north,1,0,0,0,0,1,1,0,0,0,0,0,North,1
PGE_Peaker_1,6,2,0,1,1720,-1,-1,0,15000,0.69,9.3,peaker_pge,1,0,0,0,0,1,1,0,0,0,0,0,PGE,1
PGE_Peaker_2,6,2,0,1,1760,-1,-1,0,15000,0.67,11.8,peaker_pge,1,0,0,0,0,1,1,0,0,0,0,0,PGE,1
SCE_Peaker_1,7,2,0,1,1520,-1,-1,0,15000,0.69,9.3,peaker_sce,1,0,0,0,0,1,1,0,0,0,0,0,SCE,1
SCE_Peaker_2,7,2,0,1,1610,-1,-1,0,15000,0.67,11.8,peaker_sce,1,0,0,0,0,1,1,0,0,0,0,0,SCE,1
SDGE_Peaker_1,8,2,0,1,630,-1,-1,0,15000,0.69,9.3,peaker_sdge,1,0,0,0,0,1,1,0,0,0,0,0,SDGE,1
SDGE_Peaker_2,8,2,0,1,720,-1,-1,0,15000,0.67,11.8,peaker_sdge,1,0,0,0,0,1,1,0,0,0,0,0,SDGE,1
South_Peaker_1,9,2,0,1,1450,-1,-1,0,15000,0.62,9.3,peaker_south,1,0,0,0,0,1,1,0,0,0,0,0,South,1
South_Peaker_2,9,2,0,1,1540,-1,-1,0,15000,0.69,11.8,peaker_south,1,0,0,0,0,1,1,0,0,0,0,0,South,1
Central_NGCC_Invest,1,2,1,1,0,4700,-1,128938.2464,17000,2,7.8,ngcc_central,1,0,0,0,0,1,1,0,0,0,0,0,Central,1
IID_NGCC_Invest,2,2,1,1,0,470,-1,128938.2464,17000,2,7.8,ngcc_iid,1,0,0,0,0,1,1,0,0,0,0,0,IID,1
LADWP_NGCC_Invest,3,2,1,1,0,4700,-1,128938.2464,17000,2,7.8,ngcc_ladwp,1,0,0,0,0,1,1,0,0,0,0,0,LADWP,1
NCNC_NGCC_Invest,4,2,1,1,0,4700,-1,128938.2464,17000,2,7.8,ngcc_ncnc,1,0,0,0,0,1,1,0,0,0,0,0,NCNC,1
North_NGCC_Invest,5,2,1,1,0,9390,-1,128938.2464,17000,2,7.8,ngcc_north,1,0,0,0,0,1,1,0,0,0,0,0,North,1
PGE_NGCC_Invest,6,2,1,1,0,9390,-1,128938.2464,17000,2,7.8,ngcc_pge,1,0,0,0,0,1,1,0,0,0,0,0,PGE,1
SCE_NGCC_Invest,7,2,1,1,0,9390,-1,128938.2464,17000,2,7.8,ngcc_sce,1,0,0,0,0,1,1,0,0,0,0,0,SCE,1
SDGE_NGCC_Invest,8,2,1,1,0,4700,-1,128938.2464,17000,2,7.8,ngcc_sdge,1,0,0,0,0,1,1,0,0,0,0,0,SDGE,1
South_NGCC_Invest,9,2,1,1,0,9390,-1,128938.2464,17000,2,7.8,ngcc_south,1,0,0,0,0,1,1,0,0,0,0,0,South,1
Central_Peaker_Invest,1,2,1,1,0,4680,-1,113626.82964,15000,0.69,9.3,peaker_central,1,0,0,0,0,1,1,0,0,0,0,0,Central,1
IID_Peaker_Invest,2,2,1,1,0,470,-1,113626.82964,15000,0.69,9.3,peaker_iid,1,0,0,0,0,1,1,0,0,0,0,0,IID,1
LADWP_Peaker_Invest,3,2,1,1,0,4680,-1,113626.82964,15000,0.69,9.3,peaker_ladwp,1,0,0,0,0,1,1,0,0,0,0,0,LADWP,1
NCNC_Peaker_Invest,4,2,1,1,0,4680,-1,113626.82964,15000,0.69,9.3,peaker_ncnc,1,0,0,0,0,1,1,0,0,0,0,0,NCNC,1
North_Peaker_Invest,5,2,1,1,0,9360,-1,113626.82964,15000,0.69,9.3,peaker_north,1,0,0,0,0,1,1,0,0,0,0,0,North,1
PGE_Peaker_Invest,6,2,1,1,0,9360,-1,113626.82964,15000,0.69,9.3,peaker_pge,1,0,0,0,0,1,1,0,0,0,0,0,PGE,1
SCE_Peaker_Invest,7,2,1,1,0,9360,-1,113626.82964,15000,0.69,9.3,peaker_sce,1,0,0,0,0,1,1,0,0,0,0,0,SCE,1
SDGE_Peaker_Invest,8,2,1,1,0,4680,-1,113626.82964,15000,0.69,9.3,peaker_sdge,1,0,0,0,0,1,1,0,0,0,0,0,SDGE,1
South_Peaker_Invest,9,2,1,1,0,9360,-1,113626.82964,15000,0.69,9.3,peaker_south,1,0,0,0,0,1,1,0,0,0,0,0,South,1
Central_NG-CCS_Invest,1,2,1,1,0,13170,-1,632603.2714,34000,4,7.8,ng_ccs_central,1,0,0,0,0,1,1,0,0,0,0,0,Central,1
North_NG-CCS_Invest,5,2,1,1,0,13170,-1,265935.1332,34000,4,7.8,ng_ccs_north,1,0,0,0,0,1,1,0,0,0,0,0,North,1
PGE_NG-CCS_Invest,6,2,1,1,0,13170,-1,265935.1332,34000,4,7.8,ng_ccs_pge,1,0,0,0,0,1,1,0,0,0,0,0,PGE,1
SCE_NG-CCS_Invest,7,2,1,1,0,13170,-1,265935.1332,34000,4,7.8,ng_ccs_sce,1,0,0,0,0,1,1,0,0,0,0,0,SCE,1
SDGE_NG-CCS_Invest,8,2,1,1,0,8780,-1,265935.1332,34000,4,7.8,ng_ccs_sdge,1,0,0,0,0,1,1,0,0,0,0,0,SDGE,1
South_NG-CCS_Invest,9,2,1,1,0,13170,-1,265935.1332,34000,4,7.8,ng_ccs_south,1,0,0,0,0,1,1,0,0,0,0,0,South,1
