Costs,Total,Zone1,Zone2,Zone3,Zone4,Zone5,Zone6,Zone7,Zone8,Zone9
cTotal,2.289780251276657e10,1.6555244139617503e9,4.036345870677836e8,2.569093957234869e9,6.622808405439209e8,4.018362139702163e9,3.000257511627354e9,5.71010962409686e9,7.924561667363349e8,4.086060570076871e9
cFix,7.527219815965928e9,8.553994246509932e8,1.3412667438034472e8,8.70438352478242e8,4.5222060489193904e8,1.6278043440283382e9,1.0170173576118401e9,8.4829e8,7.178664968551999e8,1.0040565610690286e9
cVar,1.2646366115922925e9,5.0097267075301126e7,2.2765184527692493e7,8.989038148503698e7,2.2065882265683725e7,3.7807895979928577e8,1.2755354662867364e8,2.4264903778787655e8,3.2463460440508774e6,3.2829000597864044e8
cFuel,1.4105923383490612e10,7.500277222354561e8,2.4674272815974635e8,1.6087652232715898e9,1.8799435338629803e8,2.0124788358745399e9,1.8556866073868406e9,4.619170586308984e9,7.134332383708416e7,2.753714003029202e9
cNSE,0.0,0.0,0.0,0.0,0.0,0.0,0.0,0.0,0.0,0.0
cStart,0.0,0.0,0.0,0.0,0.0,0.0,0.0,0.0,0.0,0.0
cUnmetRsv,0.0,-,-,-,-,-,-,-,-,-
cNetworkExp,0.0,-,-,-,-,-,-,-,-,-
cUnmetPolicyPenalty,0.0,-,-,-,-,-,-,-,-,-
cCO2,0.0,0.0,0.0,0.0,0.0,0.0,0.0,0.0,0.0,0.0
